Age group,"Sodium, g"
≤6 mo2,0.11
7-11 mo,0.373
CHILDREN,
1-3 y,1.1
4-6 y,1.4
7-10 y,1.7
FEMALES,
11-14 y,2
15-17 y,2.3
18-24 y,2.3
25-50 y,2.3
51-70 y,2.3
>70 y,2.3
Pregnant,2.3
Lactating,2.3
MALES,
11-14 y,2
15-17 y,2.3
18-24 y,2.3
25-50 y,2.3
51-70 y,2.3
>70 y,2.3